Changes made at Sat Aug  9 05:58:18 UTC 2025
Changes made at Thu Nov 20 13:38:00 UTC 2025
Changes made at Thu Nov 20 14:20:55 UTC 2025
Changes made at Thu Nov 20 16:27:43 UTC 2025
Changes made at Fri Nov 21 08:29:39 UTC 2025
Changes made at Fri Nov 21 10:22:19 UTC 2025
Changes made at Fri Nov 21 14:20:13 UTC 2025
Changes made at Fri Nov 21 16:26:33 UTC 2025
Changes made at Sat Nov 22 08:25:47 UTC 2025
Changes made at Sat Nov 22 10:20:01 UTC 2025
Changes made at Sat Nov 22 14:17:22 UTC 2025
Changes made at Sat Nov 22 16:23:43 UTC 2025
Changes made at Sun Nov 23 08:25:56 UTC 2025
Changes made at Sun Nov 23 10:19:56 UTC 2025
Changes made at Sun Nov 23 14:17:23 UTC 2025
Changes made at Sun Nov 23 16:24:01 UTC 2025
Changes made at Mon Nov 24 08:31:06 UTC 2025
Changes made at Mon Nov 24 10:24:47 UTC 2025
Changes made at Mon Nov 24 14:21:48 UTC 2025
Changes made at Mon Nov 24 16:24:22 UTC 2025
Changes made at Tue Nov 25 08:29:41 UTC 2025
